<?xml version="1.0"?>
<?xml-stylesheet type="text/xsl" href="CDA.xsl"?>
<ClinicalDocument xmlns:xsi="http://www.w3.org/2001/XMLSchema-instance" xsi:schemaLocation="urn:hl7-org:v3 ../../../CDA%20R2/cda-schemas-and-samples/infrastructure/cda/CDA.xsd" xmlns="urn:hl7-org:v3" xmlns:cda="urn:hl7-org:v3" xmlns:sdtc="urn:l7-org:sdtc" xmlns:fhir="http://hl7.org/fhir/v3">
 <realmCode code="US"/>
 <typeId root="2.16.840.1.113883.1.3" extension="POCD_HD000040"/>
 <templateId root="2.16.840.1.113883.10.20.22.1.2"/>
 <id extension="Health Export CDA" root="1.1.1.1.1.1.1.1.1"/>
 <code codeSystem="2.16.840.1.113883.6.1" codeSystemName="LOINC" code="34109-9" displayName="Note"/>
 <title>Health Data Export</title>
 <effectiveTime value="20200323161806+0200"/>
 <confidentialityCode code="N" codeSystem="2.16.840.1.113883.5.25"/>
 <recordTarget>
  <patientRole>
   <id root="2.16.840.1.113883.4.6" nullFlavor="NA"/>
   <patient>
    <administrativeGenderCode code="M" codeSystem="2.16.840.1.113883.5.1" displayName="Male"/>
    <birthTime value="19980807"/>
   </patient>
  </patientRole>
 </recordTarget>
 <component>
  <section>
   <templateId root="2.16.840.1.113883.10.20.22.2.4.1"/>
   <code codeSystem="2.16.840.1.113883.6.1" codeSystemName="LOINC" code="8716-3" displayName="VITAL SIGNS"/>
   <title>Vital Signs</title>
   <text/>
   <entry typeCode="DRIV">
    <organizer classCode="CLUSTER" moodCode="EVN">
     <templateId root="2.16.840.1.113883.10.20.22.4.26"/>
     <id root="c6f88320-67ad-11db-bd13-0800200c9a66"/>
     <code code="46680005" codeSystem="2.16.840.1.113883.6.96" codeSystemName="SNOMED CT" displayName="Vital signs"/>
     <statusCode code="completed"/>
     <effectiveTime>
      <low value="20200311142920+0200"/>
      <high value="20200315204130+0200"/>
     </effectiveTime>
     <component>
      <observation classCode="OBS" moodCode="EVN">
       <templateId root="2.16.840.1.113883.10.20.22.4.27"/>
       <id root="c6f88321-67ad-11db-bd13-0800200c9a66"/>
       <code code="39156-5" codeSystem="2.16.840.1.113883.6.1" codeSystemName="LOINC" displayName="Body mass index"/>
       <text>
        <sourceName>Mi Fit</sourceName>
        <sourceVersion>202002141449</sourceVersion>
        <value>26.8274</value>
        <type>HKQuantityTypeIdentifierBodyMassIndex</type>
        <unit>count</unit>
       </text>
       <statusCode code="completed"/>
       <effectiveTime>
        <low value="20200311142920+0200"/>
        <high value="20200311142920+0200"/>
       </effectiveTime>
       <value xsi:type="PQ" value="26.8274" unit="count"/>
       <interpretationCode code="N" codeSystem="2.16.840.1.113883.5.83"/>
      </observation>
     </component>
     <component>
      <observation classCode="OBS" moodCode="EVN">
       <templateId root="2.16.840.1.113883.10.20.22.4.27"/>
       <id root="c6f88321-67ad-11db-bd13-0800200c9a66"/>
       <code code="39156-5" codeSystem="2.16.840.1.113883.6.1" codeSystemName="LOINC" displayName="Body mass index"/>
       <text>
        <sourceName>Mi Fit</sourceName>
        <sourceVersion>202002141449</sourceVersion>
        <value>26.5118</value>
        <type>HKQuantityTypeIdentifierBodyMassIndex</type>
        <unit>count</unit>
       </text>
       <statusCode code="completed"/>
       <effectiveTime>
        <low value="20200311211819+0200"/>
        <high value="20200311211819+0200"/>
       </effectiveTime>
       <value xsi:type="PQ" value="26.5118" unit="count"/>
       <interpretationCode code="N" codeSystem="2.16.840.1.113883.5.83"/>
      </observation>
     </component>
     <component>
      <observation classCode="OBS" moodCode="EVN">
       <templateId root="2.16.840.1.113883.10.20.22.4.27"/>
       <id root="c6f88321-67ad-11db-bd13-0800200c9a66"/>
       <code code="39156-5" codeSystem="2.16.840.1.113883.6.1" codeSystemName="LOINC" displayName="Body mass index"/>
       <text>
        <sourceName>Mi Fit</sourceName>
        <sourceVersion>202002141449</sourceVersion>
        <value>26.5118</value>
        <type>HKQuantityTypeIdentifierBodyMassIndex</type>
        <unit>count</unit>
       </text>
       <statusCode code="completed"/>
       <effectiveTime>
        <low value="20200311211819+0200"/>
        <high value="20200311211819+0200"/>
       </effectiveTime>
       <value xsi:type="PQ" value="26.5118" unit="count"/>
       <interpretationCode code="N" codeSystem="2.16.840.1.113883.5.83"/>
      </observation>
     </component>
     <component>
      <observation classCode="OBS" moodCode="EVN">
       <templateId root="2.16.840.1.113883.10.20.22.4.27"/>
       <id root="c6f88321-67ad-11db-bd13-0800200c9a66"/>
       <code code="39156-5" codeSystem="2.16.840.1.113883.6.1" codeSystemName="LOINC" displayName="Body mass index"/>
       <text>
        <sourceName>Mi Fit</sourceName>
        <sourceVersion>202002141449</sourceVersion>
        <value>26.5118</value>
        <type>HKQuantityTypeIdentifierBodyMassIndex</type>
        <unit>count</unit>
       </text>
       <statusCode code="completed"/>
       <effectiveTime>
        <low value="20200311211805+0200"/>
        <high value="20200311211805+0200"/>
       </effectiveTime>
       <value xsi:type="PQ" value="26.5118" unit="count"/>
       <interpretationCode code="N" codeSystem="2.16.840.1.113883.5.83"/>
      </observation>
     </component>
     <component>
      <observation classCode="OBS" moodCode="EVN">
       <templateId root="2.16.840.1.113883.10.20.22.4.27"/>
       <id root="c6f88321-67ad-11db-bd13-0800200c9a66"/>
       <code code="39156-5" codeSystem="2.16.840.1.113883.6.1" codeSystemName="LOINC" displayName="Body mass index"/>
       <text>
        <sourceName>Mi Fit</sourceName>
        <sourceVersion>202002141449</sourceVersion>
        <value>26.5118</value>
        <type>HKQuantityTypeIdentifierBodyMassIndex</type>
        <unit>count</unit>
       </text>
       <statusCode code="completed"/>
       <effectiveTime>
        <low value="20200311211805+0200"/>
        <high value="20200311211805+0200"/>
       </effectiveTime>
       <value xsi:type="PQ" value="26.5118" unit="count"/>
       <interpretationCode code="N" codeSystem="2.16.840.1.113883.5.83"/>
      </observation>
     </component>
     <component>
      <observation classCode="OBS" moodCode="EVN">
       <templateId root="2.16.840.1.113883.10.20.22.4.27"/>
       <id root="c6f88321-67ad-11db-bd13-0800200c9a66"/>
       <code code="39156-5" codeSystem="2.16.840.1.113883.6.1" codeSystemName="LOINC" displayName="Body mass index"/>
       <text>
        <sourceName>Mi Fit</sourceName>
        <sourceVersion>202002141449</sourceVersion>
        <value>26.5</value>
        <type>HKQuantityTypeIdentifierBodyMassIndex</type>
        <unit>count</unit>
       </text>
       <statusCode code="completed"/>
       <effectiveTime>
        <low value="20200311211830+0200"/>
        <high value="20200311211830+0200"/>
       </effectiveTime>
       <value xsi:type="PQ" value="26.5" unit="count"/>
       <interpretationCode code="N" codeSystem="2.16.840.1.113883.5.83"/>
      </observation>
     </component>
     <component>
      <observation classCode="OBS" moodCode="EVN">
       <templateId root="2.16.840.1.113883.10.20.22.4.27"/>
       <id root="c6f88321-67ad-11db-bd13-0800200c9a66"/>
       <code code="39156-5" codeSystem="2.16.840.1.113883.6.1" codeSystemName="LOINC" displayName="Body mass index"/>
       <text>
        <sourceName>Mi Fit</sourceName>
        <sourceVersion>202002141449</sourceVersion>
        <value>26.5</value>
        <type>HKQuantityTypeIdentifierBodyMassIndex</type>
        <unit>count</unit>
       </text>
       <statusCode code="completed"/>
       <effectiveTime>
        <low value="20200311211830+0200"/>
        <high value="20200311211830+0200"/>
       </effectiveTime>
       <value xsi:type="PQ" value="26.5" unit="count"/>
       <interpretationCode code="N" codeSystem="2.16.840.1.113883.5.83"/>
      </observation>
     </component>
     <component>
      <observation classCode="OBS" moodCode="EVN">
       <templateId root="2.16.840.1.113883.10.20.22.4.27"/>
       <id root="c6f88321-67ad-11db-bd13-0800200c9a66"/>
       <code code="39156-5" codeSystem="2.16.840.1.113883.6.1" codeSystemName="LOINC" displayName="Body mass index"/>
       <text>
        <sourceName>Mi Fit</sourceName>
        <sourceVersion>202002141449</sourceVersion>
        <value>26.5</value>
        <type>HKQuantityTypeIdentifierBodyMassIndex</type>
        <unit>count</unit>
       </text>
       <statusCode code="completed"/>
       <effectiveTime>
        <low value="20200311211830+0200"/>
        <high value="20200311211830+0200"/>
       </effectiveTime>
       <value xsi:type="PQ" value="26.5" unit="count"/>
       <interpretationCode code="N" codeSystem="2.16.840.1.113883.5.83"/>
      </observation>
     </component>
     <component>
      <observation classCode="OBS" moodCode="EVN">
       <templateId root="2.16.840.1.113883.10.20.22.4.27"/>
       <id root="c6f88321-67ad-11db-bd13-0800200c9a66"/>
       <code code="39156-5" codeSystem="2.16.840.1.113883.6.1" codeSystemName="LOINC" displayName="Body mass index"/>
       <text>
        <sourceName>Mi Fit</sourceName>
        <sourceVersion>202002141449</sourceVersion>
        <value>26.5</value>
        <type>HKQuantityTypeIdentifierBodyMassIndex</type>
        <unit>count</unit>
       </text>
       <statusCode code="completed"/>
       <effectiveTime>
        <low value="20200311213117+0200"/>
        <high value="20200311213117+0200"/>
       </effectiveTime>
       <value xsi:type="PQ" value="26.5" unit="count"/>
       <interpretationCode code="N" codeSystem="2.16.840.1.113883.5.83"/>
      </observation>
     </component>
     <component>
      <observation classCode="OBS" moodCode="EVN">
       <templateId root="2.16.840.1.113883.10.20.22.4.27"/>
       <id root="c6f88321-67ad-11db-bd13-0800200c9a66"/>
       <code code="39156-5" codeSystem="2.16.840.1.113883.6.1" codeSystemName="LOINC" displayName="Body mass index"/>
       <text>
        <sourceName>Mi Fit</sourceName>
        <sourceVersion>202002141449</sourceVersion>
        <value>26.5</value>
        <type>HKQuantityTypeIdentifierBodyMassIndex</type>
        <unit>count</unit>
       </text>
       <statusCode code="completed"/>
       <effectiveTime>
        <low value="20200311213117+0200"/>
        <high value="20200311213117+0200"/>
       </effectiveTime>
       <value xsi:type="PQ" value="26.5" unit="count"/>
       <interpretationCode code="N" codeSystem="2.16.840.1.113883.5.83"/>
      </observation>
     </component>
     <component>
      <observation classCode="OBS" moodCode="EVN">
       <templateId root="2.16.840.1.113883.10.20.22.4.27"/>
       <id root="c6f88321-67ad-11db-bd13-0800200c9a66"/>
       <code code="39156-5" codeSystem="2.16.840.1.113883.6.1" codeSystemName="LOINC" displayName="Body mass index"/>
       <text>
        <sourceName>Mi Fit</sourceName>
        <sourceVersion>202002141449</sourceVersion>
        <value>27</value>
        <type>HKQuantityTypeIdentifierBodyMassIndex</type>
        <unit>count</unit>
       </text>
       <statusCode code="completed"/>
       <effectiveTime>
        <low value="20200313221627+0200"/>
        <high value="20200313221627+0200"/>
       </effectiveTime>
       <value xsi:type="PQ" value="27" unit="count"/>
       <interpretationCode code="N" codeSystem="2.16.840.1.113883.5.83"/>
      </observation>
     </component>
     <component>
      <observation classCode="OBS" moodCode="EVN">
       <templateId root="2.16.840.1.113883.10.20.22.4.27"/>
       <id root="c6f88321-67ad-11db-bd13-0800200c9a66"/>
       <code code="39156-5" codeSystem="2.16.840.1.113883.6.1" codeSystemName="LOINC" displayName="Body mass index"/>
       <text>
        <sourceName>Mi Fit</sourceName>
        <sourceVersion>202002141449</sourceVersion>
        <value>27</value>
        <type>HKQuantityTypeIdentifierBodyMassIndex</type>
        <unit>count</unit>
       </text>
       <statusCode code="completed"/>
       <effectiveTime>
        <low value="20200313221627+0200"/>
        <high value="20200313221627+0200"/>
       </effectiveTime>
       <value xsi:type="PQ" value="27" unit="count"/>
       <interpretationCode code="N" codeSystem="2.16.840.1.113883.5.83"/>
      </observation>
     </component>
     <component>
      <observation classCode="OBS" moodCode="EVN">
       <templateId root="2.16.840.1.113883.10.20.22.4.27"/>
       <id root="c6f88321-67ad-11db-bd13-0800200c9a66"/>
       <code code="39156-5" codeSystem="2.16.840.1.113883.6.1" codeSystemName="LOINC" displayName="Body mass index"/>
       <text>
        <sourceName>Mi Fit</sourceName>
        <sourceVersion>202002141449</sourceVersion>
        <value>26.4</value>
        <type>HKQuantityTypeIdentifierBodyMassIndex</type>
        <unit>count</unit>
       </text>
       <statusCode code="completed"/>
       <effectiveTime>
        <low value="20200315124931+0200"/>
        <high value="20200315124931+0200"/>
       </effectiveTime>
       <value xsi:type="PQ" value="26.4" unit="count"/>
       <interpretationCode code="N" codeSystem="2.16.840.1.113883.5.83"/>
      </observation>
     </component>
     <component>
      <observation classCode="OBS" moodCode="EVN">
       <templateId root="2.16.840.1.113883.10.20.22.4.27"/>
       <id root="c6f88321-67ad-11db-bd13-0800200c9a66"/>
       <code code="39156-5" codeSystem="2.16.840.1.113883.6.1" codeSystemName="LOINC" displayName="Body mass index"/>
       <text>
        <sourceName>Mi Fit</sourceName>
        <sourceVersion>202002141449</sourceVersion>
        <value>26.4</value>
        <type>HKQuantityTypeIdentifierBodyMassIndex</type>
        <unit>count</unit>
       </text>
       <statusCode code="completed"/>
       <effectiveTime>
        <low value="20200315125009+0200"/>
        <high value="20200315125009+0200"/>
       </effectiveTime>
       <value xsi:type="PQ" value="26.4" unit="count"/>
       <interpretationCode code="N" codeSystem="2.16.840.1.113883.5.83"/>
      </observation>
     </component>
     <component>
      <observation classCode="OBS" moodCode="EVN">
       <templateId root="2.16.840.1.113883.10.20.22.4.27"/>
       <id root="c6f88321-67ad-11db-bd13-0800200c9a66"/>
       <code code="39156-5" codeSystem="2.16.840.1.113883.6.1" codeSystemName="LOINC" displayName="Body mass index"/>
       <text>
        <sourceName>Mi Fit</sourceName>
        <sourceVersion>202002141449</sourceVersion>
        <value>26.4</value>
        <type>HKQuantityTypeIdentifierBodyMassIndex</type>
        <unit>count</unit>
       </text>
       <statusCode code="completed"/>
       <effectiveTime>
        <low value="20200315125155+0200"/>
        <high value="20200315125155+0200"/>
       </effectiveTime>
       <value xsi:type="PQ" value="26.4" unit="count"/>
       <interpretationCode code="N" codeSystem="2.16.840.1.113883.5.83"/>
      </observation>
     </component>
     <component>
      <observation classCode="OBS" moodCode="EVN">
       <templateId root="2.16.840.1.113883.10.20.22.4.27"/>
       <id root="c6f88321-67ad-11db-bd13-0800200c9a66"/>
       <code code="39156-5" codeSystem="2.16.840.1.113883.6.1" codeSystemName="LOINC" displayName="Body mass index"/>
       <text>
        <sourceName>Mi Fit</sourceName>
        <sourceVersion>202002141449</sourceVersion>
        <value>26.4</value>
        <type>HKQuantityTypeIdentifierBodyMassIndex</type>
        <unit>count</unit>
       </text>
       <statusCode code="completed"/>
       <effectiveTime>
        <low value="20200315125237+0200"/>
        <high value="20200315125237+0200"/>
       </effectiveTime>
       <value xsi:type="PQ" value="26.4" unit="count"/>
       <interpretationCode code="N" codeSystem="2.16.840.1.113883.5.83"/>
      </observation>
     </component>
     <component>
      <observation classCode="OBS" moodCode="EVN">
       <templateId root="2.16.840.1.113883.10.20.22.4.27"/>
       <id root="c6f88321-67ad-11db-bd13-0800200c9a66"/>
       <code code="39156-5" codeSystem="2.16.840.1.113883.6.1" codeSystemName="LOINC" displayName="Body mass index"/>
       <text>
        <sourceName>Mi Fit</sourceName>
        <sourceVersion>202002141449</sourceVersion>
        <value>26.4</value>
        <type>HKQuantityTypeIdentifierBodyMassIndex</type>
        <unit>count</unit>
       </text>
       <statusCode code="completed"/>
       <effectiveTime>
        <low value="20200315125256+0200"/>
        <high value="20200315125256+0200"/>
       </effectiveTime>
       <value xsi:type="PQ" value="26.4" unit="count"/>
       <interpretationCode code="N" codeSystem="2.16.840.1.113883.5.83"/>
      </observation>
     </component>
     <component>
      <observation classCode="OBS" moodCode="EVN">
       <templateId root="2.16.840.1.113883.10.20.22.4.27"/>
       <id root="c6f88321-67ad-11db-bd13-0800200c9a66"/>
       <code code="39156-5" codeSystem="2.16.840.1.113883.6.1" codeSystemName="LOINC" displayName="Body mass index"/>
       <text>
        <sourceName>Mi Fit</sourceName>
        <sourceVersion>202002141449</sourceVersion>
        <value>26.4</value>
        <type>HKQuantityTypeIdentifierBodyMassIndex</type>
        <unit>count</unit>
       </text>
       <statusCode code="completed"/>
       <effectiveTime>
        <low value="20200315124931+0200"/>
        <high value="20200315124931+0200"/>
       </effectiveTime>
       <value xsi:type="PQ" value="26.4" unit="count"/>
       <interpretationCode code="N" codeSystem="2.16.840.1.113883.5.83"/>
      </observation>
     </component>
     <component>
      <observation classCode="OBS" moodCode="EVN">
       <templateId root="2.16.840.1.113883.10.20.22.4.27"/>
       <id root="c6f88321-67ad-11db-bd13-0800200c9a66"/>
       <code code="39156-5" codeSystem="2.16.840.1.113883.6.1" codeSystemName="LOINC" displayName="Body mass index"/>
       <text>
        <sourceName>Mi Fit</sourceName>
        <sourceVersion>202002141449</sourceVersion>
        <value>26.4</value>
        <type>HKQuantityTypeIdentifierBodyMassIndex</type>
        <unit>count</unit>
       </text>
       <statusCode code="completed"/>
       <effectiveTime>
        <low value="20200315125009+0200"/>
        <high value="20200315125009+0200"/>
       </effectiveTime>
       <value xsi:type="PQ" value="26.4" unit="count"/>
       <interpretationCode code="N" codeSystem="2.16.840.1.113883.5.83"/>
      </observation>
     </component>
     <component>
      <observation classCode="OBS" moodCode="EVN">
       <templateId root="2.16.840.1.113883.10.20.22.4.27"/>
       <id root="c6f88321-67ad-11db-bd13-0800200c9a66"/>
       <code code="39156-5" codeSystem="2.16.840.1.113883.6.1" codeSystemName="LOINC" displayName="Body mass index"/>
       <text>
        <sourceName>Mi Fit</sourceName>
        <sourceVersion>202002141449</sourceVersion>
        <value>26.4</value>
        <type>HKQuantityTypeIdentifierBodyMassIndex</type>
        <unit>count</unit>
       </text>
       <statusCode code="completed"/>
       <effectiveTime>
        <low value="20200315125155+0200"/>
        <high value="20200315125155+0200"/>
       </effectiveTime>
       <value xsi:type="PQ" value="26.4" unit="count"/>
       <interpretationCode code="N" codeSystem="2.16.840.1.113883.5.83"/>
      </observation>
     </component>
     <component>
      <observation classCode="OBS" moodCode="EVN">
       <templateId root="2.16.840.1.113883.10.20.22.4.27"/>
       <id root="c6f88321-67ad-11db-bd13-0800200c9a66"/>
       <code code="39156-5" codeSystem="2.16.840.1.113883.6.1" codeSystemName="LOINC" displayName="Body mass index"/>
       <text>
        <sourceName>Mi Fit</sourceName>
        <sourceVersion>202002141449</sourceVersion>
        <value>26.4</value>
        <type>HKQuantityTypeIdentifierBodyMassIndex</type>
        <unit>count</unit>
       </text>
       <statusCode code="completed"/>
       <effectiveTime>
        <low value="20200315125256+0200"/>
        <high value="20200315125256+0200"/>
       </effectiveTime>
       <value xsi:type="PQ" value="26.4" unit="count"/>
       <interpretationCode code="N" codeSystem="2.16.840.1.113883.5.83"/>
      </observation>
     </component>
     <component>
      <observation classCode="OBS" moodCode="EVN">
       <templateId root="2.16.840.1.113883.10.20.22.4.27"/>
       <id root="c6f88321-67ad-11db-bd13-0800200c9a66"/>
       <code code="39156-5" codeSystem="2.16.840.1.113883.6.1" codeSystemName="LOINC" displayName="Body mass index"/>
       <text>
        <sourceName>Mi Fit</sourceName>
        <sourceVersion>202002141449</sourceVersion>
        <value>26.4</value>
        <type>HKQuantityTypeIdentifierBodyMassIndex</type>
        <unit>count</unit>
       </text>
       <statusCode code="completed"/>
       <effectiveTime>
        <low value="20200315204130+0200"/>
        <high value="20200315204130+0200"/>
       </effectiveTime>
       <value xsi:type="PQ" value="26.4" unit="count"/>
       <interpretationCode code="N" codeSystem="2.16.840.1.113883.5.83"/>
      </observation>
     </component>
     <component>
      <observation classCode="OBS" moodCode="EVN">
       <templateId root="2.16.840.1.113883.10.20.22.4.27"/>
       <id root="c6f88321-67ad-11db-bd13-0800200c9a66"/>
       <code code="39156-5" codeSystem="2.16.840.1.113883.6.1" codeSystemName="LOINC" displayName="Body mass index"/>
       <text>
        <sourceName>Mi Fit</sourceName>
        <sourceVersion>202002141449</sourceVersion>
        <value>26.4</value>
        <type>HKQuantityTypeIdentifierBodyMassIndex</type>
        <unit>count</unit>
       </text>
       <statusCode code="completed"/>
       <effectiveTime>
        <low value="20200315204130+0200"/>
        <high value="20200315204130+0200"/>
       </effectiveTime>
       <value xsi:type="PQ" value="26.4" unit="count"/>
       <interpretationCode code="N" codeSystem="2.16.840.1.113883.5.83"/>
      </observation>
     </component>
    </organizer>
   </entry>
   <entry typeCode="DRIV">
    <organizer classCode="CLUSTER" moodCode="EVN">
     <templateId root="2.16.840.1.113883.10.20.22.4.26"/>
     <id root="c6f88320-67ad-11db-bd13-0800200c9a66"/>
     <code code="46680005" codeSystem="2.16.840.1.113883.6.96" codeSystemName="SNOMED CT" displayName="Vital signs"/>
     <statusCode code="completed"/>
     <effectiveTime>
      <low value="20190628031730+0200"/>
      <high value="20190628031730+0200"/>
     </effectiveTime>
     <component>
      <observation classCode="OBS" moodCode="EVN">
       <templateId root="2.16.840.1.113883.10.20.22.4.27"/>
       <id root="c6f88321-67ad-11db-bd13-0800200c9a66"/>
       <code code="8302-2" codeSystem="2.16.840.1.113883.6.1" codeSystemName="LOINC" displayName="Height"/>
       <text>
        <sourceName>Sănătate</sourceName>
        <sourceVersion>12.1.2</sourceVersion>
        <value>182</value>
        <type>HKQuantityTypeIdentifierHeight</type>
        <unit>cm</unit>
       </text>
       <statusCode code="completed"/>
       <effectiveTime>
        <low value="20190628031730+0200"/>
        <high value="20190628031730+0200"/>
       </effectiveTime>
       <value xsi:type="PQ" value="182" unit="cm"/>
       <interpretationCode code="N" codeSystem="2.16.840.1.113883.5.83"/>
      </observation>
     </component>
    </organizer>
   </entry>
   <entry typeCode="DRIV">
    <organizer classCode="CLUSTER" moodCode="EVN">
     <templateId root="2.16.840.1.113883.10.20.22.4.26"/>
     <id root="c6f88320-67ad-11db-bd13-0800200c9a66"/>
     <code code="46680005" codeSystem="2.16.840.1.113883.6.96" codeSystemName="SNOMED CT" displayName="Vital signs"/>
     <statusCode code="completed"/>
     <effectiveTime>
      <low value="20200311142920+0200"/>
      <high value="20200315204130+0200"/>
     </effectiveTime>
     <component>
      <observation classCode="OBS" moodCode="EVN">
       <templateId root="2.16.840.1.113883.10.20.22.4.27"/>
       <id root="c6f88321-67ad-11db-bd13-0800200c9a66"/>
       <code code="3141-9" codeSystem="2.16.840.1.113883.6.1" codeSystemName="LOINC" displayName="Body weight Measured"/>
       <text>
        <sourceName>Mi Fit</sourceName>
        <sourceVersion>202002141449</sourceVersion>
        <value>85</value>
        <type>HKQuantityTypeIdentifierBodyMass</type>
        <unit>kg</unit>
       </text>
       <statusCode code="completed"/>
       <effectiveTime>
        <low value="20200311142920+0200"/>
        <high value="20200311142920+0200"/>
       </effectiveTime>
       <value xsi:type="PQ" value="85" unit="kg"/>
       <interpretationCode code="N" codeSystem="2.16.840.1.113883.5.83"/>
      </observation>
     </component>
     <component>
      <observation classCode="OBS" moodCode="EVN">
       <templateId root="2.16.840.1.113883.10.20.22.4.27"/>
       <id root="c6f88321-67ad-11db-bd13-0800200c9a66"/>
       <code code="3141-9" codeSystem="2.16.840.1.113883.6.1" codeSystemName="LOINC" displayName="Body weight Measured"/>
       <text>
        <sourceName>Mi Fit</sourceName>
        <sourceVersion>202002141449</sourceVersion>
        <value>84</value>
        <type>HKQuantityTypeIdentifierBodyMass</type>
        <unit>kg</unit>
       </text>
       <statusCode code="completed"/>
       <effectiveTime>
        <low value="20200311211819+0200"/>
        <high value="20200311211819+0200"/>
       </effectiveTime>
       <value xsi:type="PQ" value="84" unit="kg"/>
       <interpretationCode code="N" codeSystem="2.16.840.1.113883.5.83"/>
      </observation>
     </component>
     <component>
      <observation classCode="OBS" moodCode="EVN">
       <templateId root="2.16.840.1.113883.10.20.22.4.27"/>
       <id root="c6f88321-67ad-11db-bd13-0800200c9a66"/>
       <code code="3141-9" codeSystem="2.16.840.1.113883.6.1" codeSystemName="LOINC" displayName="Body weight Measured"/>
       <text>
        <sourceName>Mi Fit</sourceName>
        <sourceVersion>202002141449</sourceVersion>
        <value>84</value>
        <type>HKQuantityTypeIdentifierBodyMass</type>
        <unit>kg</unit>
       </text>
       <statusCode code="completed"/>
       <effectiveTime>
        <low value="20200311211819+0200"/>
        <high value="20200311211819+0200"/>
       </effectiveTime>
       <value xsi:type="PQ" value="84" unit="kg"/>
       <interpretationCode code="N" codeSystem="2.16.840.1.113883.5.83"/>
      </observation>
     </component>
     <component>
      <observation classCode="OBS" moodCode="EVN">
       <templateId root="2.16.840.1.113883.10.20.22.4.27"/>
       <id root="c6f88321-67ad-11db-bd13-0800200c9a66"/>
       <code code="3141-9" codeSystem="2.16.840.1.113883.6.1" codeSystemName="LOINC" displayName="Body weight Measured"/>
       <text>
        <sourceName>Mi Fit</sourceName>
        <sourceVersion>202002141449</sourceVersion>
        <value>84</value>
        <type>HKQuantityTypeIdentifierBodyMass</type>
        <unit>kg</unit>
       </text>
       <statusCode code="completed"/>
       <effectiveTime>
        <low value="20200311211805+0200"/>
        <high value="20200311211805+0200"/>
       </effectiveTime>
       <value xsi:type="PQ" value="84" unit="kg"/>
       <interpretationCode code="N" codeSystem="2.16.840.1.113883.5.83"/>
      </observation>
     </component>
     <component>
      <observation classCode="OBS" moodCode="EVN">
       <templateId root="2.16.840.1.113883.10.20.22.4.27"/>
       <id root="c6f88321-67ad-11db-bd13-0800200c9a66"/>
       <code code="3141-9" codeSystem="2.16.840.1.113883.6.1" codeSystemName="LOINC" displayName="Body weight Measured"/>
       <text>
        <sourceName>Mi Fit</sourceName>
        <sourceVersion>202002141449</sourceVersion>
        <value>84</value>
        <type>HKQuantityTypeIdentifierBodyMass</type>
        <unit>kg</unit>
       </text>
       <statusCode code="completed"/>
       <effectiveTime>
        <low value="20200311211805+0200"/>
        <high value="20200311211805+0200"/>
       </effectiveTime>
       <value xsi:type="PQ" value="84" unit="kg"/>
       <interpretationCode code="N" codeSystem="2.16.840.1.113883.5.83"/>
      </observation>
     </component>
     <component>
      <observation classCode="OBS" moodCode="EVN">
       <templateId root="2.16.840.1.113883.10.20.22.4.27"/>
       <id root="c6f88321-67ad-11db-bd13-0800200c9a66"/>
       <code code="3141-9" codeSystem="2.16.840.1.113883.6.1" codeSystemName="LOINC" displayName="Body weight Measured"/>
       <text>
        <sourceName>Mi Fit</sourceName>
        <sourceVersion>202002141449</sourceVersion>
        <value>84</value>
        <type>HKQuantityTypeIdentifierBodyMass</type>
        <unit>kg</unit>
       </text>
       <statusCode code="completed"/>
       <effectiveTime>
        <low value="20200311211830+0200"/>
        <high value="20200311211830+0200"/>
       </effectiveTime>
       <value xsi:type="PQ" value="84" unit="kg"/>
       <interpretationCode code="N" codeSystem="2.16.840.1.113883.5.83"/>
      </observation>
     </component>
     <component>
      <observation classCode="OBS" moodCode="EVN">
       <templateId root="2.16.840.1.113883.10.20.22.4.27"/>
       <id root="c6f88321-67ad-11db-bd13-0800200c9a66"/>
       <code code="3141-9" codeSystem="2.16.840.1.113883.6.1" codeSystemName="LOINC" displayName="Body weight Measured"/>
       <text>
        <sourceName>Mi Fit</sourceName>
        <sourceVersion>202002141449</sourceVersion>
        <value>84</value>
        <type>HKQuantityTypeIdentifierBodyMass</type>
        <unit>kg</unit>
       </text>
       <statusCode code="completed"/>
       <effectiveTime>
        <low value="20200311211830+0200"/>
        <high value="20200311211830+0200"/>
       </effectiveTime>
       <value xsi:type="PQ" value="84" unit="kg"/>
       <interpretationCode code="N" codeSystem="2.16.840.1.113883.5.83"/>
      </observation>
     </component>
     <component>
      <observation classCode="OBS" moodCode="EVN">
       <templateId root="2.16.840.1.113883.10.20.22.4.27"/>
       <id root="c6f88321-67ad-11db-bd13-0800200c9a66"/>
       <code code="3141-9" codeSystem="2.16.840.1.113883.6.1" codeSystemName="LOINC" displayName="Body weight Measured"/>
       <text>
        <sourceName>Mi Fit</sourceName>
        <sourceVersion>202002141449</sourceVersion>
        <value>84</value>
        <type>HKQuantityTypeIdentifierBodyMass</type>
        <unit>kg</unit>
       </text>
       <statusCode code="completed"/>
       <effectiveTime>
        <low value="20200311211830+0200"/>
        <high value="20200311211830+0200"/>
       </effectiveTime>
       <value xsi:type="PQ" value="84" unit="kg"/>
       <interpretationCode code="N" codeSystem="2.16.840.1.113883.5.83"/>
      </observation>
     </component>
     <component>
      <observation classCode="OBS" moodCode="EVN">
       <templateId root="2.16.840.1.113883.10.20.22.4.27"/>
       <id root="c6f88321-67ad-11db-bd13-0800200c9a66"/>
       <code code="3141-9" codeSystem="2.16.840.1.113883.6.1" codeSystemName="LOINC" displayName="Body weight Measured"/>
       <text>
        <sourceName>Mi Fit</sourceName>
        <sourceVersion>202002141449</sourceVersion>
        <value>84</value>
        <type>HKQuantityTypeIdentifierBodyMass</type>
        <unit>kg</unit>
       </text>
       <statusCode code="completed"/>
       <effectiveTime>
        <low value="20200311213117+0200"/>
        <high value="20200311213117+0200"/>
       </effectiveTime>
       <value xsi:type="PQ" value="84" unit="kg"/>
       <interpretationCode code="N" codeSystem="2.16.840.1.113883.5.83"/>
      </observation>
     </component>
     <component>
      <observation classCode="OBS" moodCode="EVN">
       <templateId root="2.16.840.1.113883.10.20.22.4.27"/>
       <id root="c6f88321-67ad-11db-bd13-0800200c9a66"/>
       <code code="3141-9" codeSystem="2.16.840.1.113883.6.1" codeSystemName="LOINC" displayName="Body weight Measured"/>
       <text>
        <sourceName>Mi Fit</sourceName>
        <sourceVersion>202002141449</sourceVersion>
        <value>84</value>
        <type>HKQuantityTypeIdentifierBodyMass</type>
        <unit>kg</unit>
       </text>
       <statusCode code="completed"/>
       <effectiveTime>
        <low value="20200311213117+0200"/>
        <high value="20200311213117+0200"/>
       </effectiveTime>
       <value xsi:type="PQ" value="84" unit="kg"/>
       <interpretationCode code="N" codeSystem="2.16.840.1.113883.5.83"/>
      </observation>
     </component>
     <component>
      <observation classCode="OBS" moodCode="EVN">
       <templateId root="2.16.840.1.113883.10.20.22.4.27"/>
       <id root="c6f88321-67ad-11db-bd13-0800200c9a66"/>
       <code code="3141-9" codeSystem="2.16.840.1.113883.6.1" codeSystemName="LOINC" displayName="Body weight Measured"/>
       <text>
        <sourceName>Mi Fit</sourceName>
        <sourceVersion>202002141449</sourceVersion>
        <value>85.6</value>
        <type>HKQuantityTypeIdentifierBodyMass</type>
        <unit>kg</unit>
       </text>
       <statusCode code="completed"/>
       <effectiveTime>
        <low value="20200313221627+0200"/>
        <high value="20200313221627+0200"/>
       </effectiveTime>
       <value xsi:type="PQ" value="85.6" unit="kg"/>
       <interpretationCode code="N" codeSystem="2.16.840.1.113883.5.83"/>
      </observation>
     </component>
     <component>
      <observation classCode="OBS" moodCode="EVN">
       <templateId root="2.16.840.1.113883.10.20.22.4.27"/>
       <id root="c6f88321-67ad-11db-bd13-0800200c9a66"/>
       <code code="3141-9" codeSystem="2.16.840.1.113883.6.1" codeSystemName="LOINC" displayName="Body weight Measured"/>
       <text>
        <sourceName>Mi Fit</sourceName>
        <sourceVersion>202002141449</sourceVersion>
        <value>85.6</value>
        <type>HKQuantityTypeIdentifierBodyMass</type>
        <unit>kg</unit>
       </text>
       <statusCode code="completed"/>
       <effectiveTime>
        <low value="20200313221627+0200"/>
        <high value="20200313221627+0200"/>
       </effectiveTime>
       <value xsi:type="PQ" value="85.6" unit="kg"/>
       <interpretationCode code="N" codeSystem="2.16.840.1.113883.5.83"/>
      </observation>
     </component>
     <component>
      <observation classCode="OBS" moodCode="EVN">
       <templateId root="2.16.840.1.113883.10.20.22.4.27"/>
       <id root="c6f88321-67ad-11db-bd13-0800200c9a66"/>
       <code code="3141-9" codeSystem="2.16.840.1.113883.6.1" codeSystemName="LOINC" displayName="Body weight Measured"/>
       <text>
        <sourceName>Mi Fit</sourceName>
        <sourceVersion>202002141449</sourceVersion>
        <value>83.9</value>
        <type>HKQuantityTypeIdentifierBodyMass</type>
        <unit>kg</unit>
       </text>
       <statusCode code="completed"/>
       <effectiveTime>
        <low value="20200315124931+0200"/>
        <high value="20200315124931+0200"/>
       </effectiveTime>
       <value xsi:type="PQ" value="83.9" unit="kg"/>
       <interpretationCode code="N" codeSystem="2.16.840.1.113883.5.83"/>
      </observation>
     </component>
     <component>
      <observation classCode="OBS" moodCode="EVN">
       <templateId root="2.16.840.1.113883.10.20.22.4.27"/>
       <id root="c6f88321-67ad-11db-bd13-0800200c9a66"/>
       <code code="3141-9" codeSystem="2.16.840.1.113883.6.1" codeSystemName="LOINC" displayName="Body weight Measured"/>
       <text>
        <sourceName>Mi Fit</sourceName>
        <sourceVersion>202002141449</sourceVersion>
        <value>83.9</value>
        <type>HKQuantityTypeIdentifierBodyMass</type>
        <unit>kg</unit>
       </text>
       <statusCode code="completed"/>
       <effectiveTime>
        <low value="20200315125009+0200"/>
        <high value="20200315125009+0200"/>
       </effectiveTime>
       <value xsi:type="PQ" value="83.9" unit="kg"/>
       <interpretationCode code="N" codeSystem="2.16.840.1.113883.5.83"/>
      </observation>
     </component>
     <component>
      <observation classCode="OBS" moodCode="EVN">
       <templateId root="2.16.840.1.113883.10.20.22.4.27"/>
       <id root="c6f88321-67ad-11db-bd13-0800200c9a66"/>
       <code code="3141-9" codeSystem="2.16.840.1.113883.6.1" codeSystemName="LOINC" displayName="Body weight Measured"/>
       <text>
        <sourceName>Mi Fit</sourceName>
        <sourceVersion>202002141449</sourceVersion>
        <value>83.9</value>
        <type>HKQuantityTypeIdentifierBodyMass</type>
        <unit>kg</unit>
       </text>
       <statusCode code="completed"/>
       <effectiveTime>
        <low value="20200315125155+0200"/>
        <high value="20200315125155+0200"/>
       </effectiveTime>
       <value xsi:type="PQ" value="83.9" unit="kg"/>
       <interpretationCode code="N" codeSystem="2.16.840.1.113883.5.83"/>
      </observation>
     </component>
     <component>
      <observation classCode="OBS" moodCode="EVN">
       <templateId root="2.16.840.1.113883.10.20.22.4.27"/>
       <id root="c6f88321-67ad-11db-bd13-0800200c9a66"/>
       <code code="3141-9" codeSystem="2.16.840.1.113883.6.1" codeSystemName="LOINC" displayName="Body weight Measured"/>
       <text>
        <sourceName>Mi Fit</sourceName>
        <sourceVersion>202002141449</sourceVersion>
        <value>83.9</value>
        <type>HKQuantityTypeIdentifierBodyMass</type>
        <unit>kg</unit>
       </text>
       <statusCode code="completed"/>
       <effectiveTime>
        <low value="20200315125237+0200"/>
        <high value="20200315125237+0200"/>
       </effectiveTime>
       <value xsi:type="PQ" value="83.9" unit="kg"/>
       <interpretationCode code="N" codeSystem="2.16.840.1.113883.5.83"/>
      </observation>
     </component>
     <component>
      <observation classCode="OBS" moodCode="EVN">
       <templateId root="2.16.840.1.113883.10.20.22.4.27"/>
       <id root="c6f88321-67ad-11db-bd13-0800200c9a66"/>
       <code code="3141-9" codeSystem="2.16.840.1.113883.6.1" codeSystemName="LOINC" displayName="Body weight Measured"/>
       <text>
        <sourceName>Mi Fit</sourceName>
        <sourceVersion>202002141449</sourceVersion>
        <value>83.9</value>
        <type>HKQuantityTypeIdentifierBodyMass</type>
        <unit>kg</unit>
       </text>
       <statusCode code="completed"/>
       <effectiveTime>
        <low value="20200315125256+0200"/>
        <high value="20200315125256+0200"/>
       </effectiveTime>
       <value xsi:type="PQ" value="83.9" unit="kg"/>
       <interpretationCode code="N" codeSystem="2.16.840.1.113883.5.83"/>
      </observation>
     </component>
     <component>
      <observation classCode="OBS" moodCode="EVN">
       <templateId root="2.16.840.1.113883.10.20.22.4.27"/>
       <id root="c6f88321-67ad-11db-bd13-0800200c9a66"/>
       <code code="3141-9" codeSystem="2.16.840.1.113883.6.1" codeSystemName="LOINC" displayName="Body weight Measured"/>
       <text>
        <sourceName>Mi Fit</sourceName>
        <sourceVersion>202002141449</sourceVersion>
        <value>83.9</value>
        <type>HKQuantityTypeIdentifierBodyMass</type>
        <unit>kg</unit>
       </text>
       <statusCode code="completed"/>
       <effectiveTime>
        <low value="20200315124931+0200"/>
        <high value="20200315124931+0200"/>
       </effectiveTime>
       <value xsi:type="PQ" value="83.9" unit="kg"/>
       <interpretationCode code="N" codeSystem="2.16.840.1.113883.5.83"/>
      </observation>
     </component>
     <component>
      <observation classCode="OBS" moodCode="EVN">
       <templateId root="2.16.840.1.113883.10.20.22.4.27"/>
       <id root="c6f88321-67ad-11db-bd13-0800200c9a66"/>
       <code code="3141-9" codeSystem="2.16.840.1.113883.6.1" codeSystemName="LOINC" displayName="Body weight Measured"/>
       <text>
        <sourceName>Mi Fit</sourceName>
        <sourceVersion>202002141449</sourceVersion>
        <value>83.9</value>
        <type>HKQuantityTypeIdentifierBodyMass</type>
        <unit>kg</unit>
       </text>
       <statusCode code="completed"/>
       <effectiveTime>
        <low value="20200315125009+0200"/>
        <high value="20200315125009+0200"/>
       </effectiveTime>
       <value xsi:type="PQ" value="83.9" unit="kg"/>
       <interpretationCode code="N" codeSystem="2.16.840.1.113883.5.83"/>
      </observation>
     </component>
     <component>
      <observation classCode="OBS" moodCode="EVN">
       <templateId root="2.16.840.1.113883.10.20.22.4.27"/>
       <id root="c6f88321-67ad-11db-bd13-0800200c9a66"/>
       <code code="3141-9" codeSystem="2.16.840.1.113883.6.1" codeSystemName="LOINC" displayName="Body weight Measured"/>
       <text>
        <sourceName>Mi Fit</sourceName>
        <sourceVersion>202002141449</sourceVersion>
        <value>83.9</value>
        <type>HKQuantityTypeIdentifierBodyMass</type>
        <unit>kg</unit>
       </text>
       <statusCode code="completed"/>
       <effectiveTime>
        <low value="20200315125155+0200"/>
        <high value="20200315125155+0200"/>
       </effectiveTime>
       <value xsi:type="PQ" value="83.9" unit="kg"/>
       <interpretationCode code="N" codeSystem="2.16.840.1.113883.5.83"/>
      </observation>
     </component>
     <component>
      <observation classCode="OBS" moodCode="EVN">
       <templateId root="2.16.840.1.113883.10.20.22.4.27"/>
       <id root="c6f88321-67ad-11db-bd13-0800200c9a66"/>
       <code code="3141-9" codeSystem="2.16.840.1.113883.6.1" codeSystemName="LOINC" displayName="Body weight Measured"/>
       <text>
        <sourceName>Mi Fit</sourceName>
        <sourceVersion>202002141449</sourceVersion>
        <value>83.9</value>
        <type>HKQuantityTypeIdentifierBodyMass</type>
        <unit>kg</unit>
       </text>
       <statusCode code="completed"/>
       <effectiveTime>
        <low value="20200315125256+0200"/>
        <high value="20200315125256+0200"/>
       </effectiveTime>
       <value xsi:type="PQ" value="83.9" unit="kg"/>
       <interpretationCode code="N" codeSystem="2.16.840.1.113883.5.83"/>
      </observation>
     </component>
     <component>
      <observation classCode="OBS" moodCode="EVN">
       <templateId root="2.16.840.1.113883.10.20.22.4.27"/>
       <id root="c6f88321-67ad-11db-bd13-0800200c9a66"/>
       <code code="3141-9" codeSystem="2.16.840.1.113883.6.1" codeSystemName="LOINC" displayName="Body weight Measured"/>
       <text>
        <sourceName>Mi Fit</sourceName>
        <sourceVersion>202002141449</sourceVersion>
        <value>83.7</value>
        <type>HKQuantityTypeIdentifierBodyMass</type>
        <unit>kg</unit>
       </text>
       <statusCode code="completed"/>
       <effectiveTime>
        <low value="20200315204130+0200"/>
        <high value="20200315204130+0200"/>
       </effectiveTime>
       <value xsi:type="PQ" value="83.7" unit="kg"/>
       <interpretationCode code="N" codeSystem="2.16.840.1.113883.5.83"/>
      </observation>
     </component>
     <component>
      <observation classCode="OBS" moodCode="EVN">
       <templateId root="2.16.840.1.113883.10.20.22.4.27"/>
       <id root="c6f88321-67ad-11db-bd13-0800200c9a66"/>
       <code code="3141-9" codeSystem="2.16.840.1.113883.6.1" codeSystemName="LOINC" displayName="Body weight Measured"/>
       <text>
        <sourceName>Mi Fit</sourceName>
        <sourceVersion>202002141449</sourceVersion>
        <value>83.7</value>
        <type>HKQuantityTypeIdentifierBodyMass</type>
        <unit>kg</unit>
       </text>
       <statusCode code="completed"/>
       <effectiveTime>
        <low value="20200315204130+0200"/>
        <high value="20200315204130+0200"/>
       </effectiveTime>
       <value xsi:type="PQ" value="83.7" unit="kg"/>
       <interpretationCode code="N" codeSystem="2.16.840.1.113883.5.83"/>
      </observation>
     </component>
    </organizer>
   </entry>
  </section>
 </component>
</ClinicalDocument>
